# Graduate Studies tile destinations, opened 2026-09-14
group	tile	url	status	landed on	page title	page heading	notes
master's	Accountancy	https://www.csueastbay.edu/msa/index.html	200	https://www.csueastbay.edu/msa/index.html	Master of Science in Accountancy	California State University, East Bay-Master of Science in Accountancy	
master's	Biological Sciences	https://www.csueastbay.edu/biology/graduate-program/biology-ms-program/index.html	200	https://www.csueastbay.edu/biology/graduate-program/biology-ms-program/index.html	GRADUATE PROGRAMS	GRADUATE PROGRAMS	
master's	MBA Business Administration	https://www.csueastbay.edu/mba/index.html	200	https://www.csueastbay.edu/mba/index.html	Master of Business Administration- College of Business and Economics | CSUEB	California State University, East Bay-Master of Business Administration	
master's	Business Analytics	https://www.csueastbay.edu/msba/index.html	200	https://www.csueastbay.edu/msba/index.html	Master of Science in Business Analytics- College of Business & Economics | CSUEB	California State University, East Bay-Master of Science in Business Analytics	
master's	Chemistry	https://www.csueastbay.edu/chemistry/graduate/index.html	200	https://www.csueastbay.edu/chemistry/graduate/index.html	Master of Science in Chemistry	Graduate Programs	
master's	Computer Science	https://www.csueastbay.edu/cs/degrees-programs1/index.html	200	https://www.csueastbay.edu/cs/degrees-programs1/index.html	Computer Science Degrees	Computer Science Degrees	
master's	Construction Management	https://www.csueastbay.edu/engineering/programs-degrees/graduate-degrees.html	200	https://www.csueastbay.edu/engineering/programs-degrees/graduate-degrees.html	GRADUATE DEGREES	GRADUATE DEGREES	url shared by 2 tiles
master's	Counseling	https://www.csueastbay.edu/epsy/graduate-programs/index.html	200	https://www.csueastbay.edu/epsy/graduate-programs/index.html	Graduate Programs	Graduate Programs	
master's	Curriculum & Instruction	https://www.csueastbay.edu/ted/programs-admissions/masters/index.html	200	https://www.csueastbay.edu/ted/programs-admissions/masters/index.html	Master's Degree	Master's Degree	url shared by 3 tiles
master's	Early Childhood Education	https://www.csueastbay.edu/ted/programs-admissions/masters/index.html	200	https://www.csueastbay.edu/ted/programs-admissions/masters/index.html	Master's Degree	Master's Degree	url shared by 3 tiles
master's	Educational Leadership	https://www.csueastbay.edu/el/programs/master-in-el.html	200	https://www.csueastbay.edu/el/programs/master-in-el.html	Masters in Educational Leadership	Masters in Educational Leadership	
master's	Educational Technology	https://www.csueastbay.edu/ted/programs-admissions/masters/index.html	200	https://www.csueastbay.edu/ted/programs-admissions/masters/index.html	Master's Degree	Master's Degree	url shared by 3 tiles
master's	Engineering Management	https://www.csueastbay.edu/engineering/programs-degrees/graduate-degrees.html	200	https://www.csueastbay.edu/engineering/programs-degrees/graduate-degrees.html	GRADUATE DEGREES	GRADUATE DEGREES	url shared by 2 tiles
master's	Environmental Geosciences	https://www.csueastbay.edu/earth/graduate-program/index.html	200	https://www.csueastbay.edu/earth/graduate-program/index.html	Graduate Program	Graduate Program	
master's	Health Care Administration	https://www.csueastbay.edu/paa/healthcare/index.html	200	https://www.csueastbay.edu/paa/healthcare/index.html	Master's of Science Health Care Administration Program	Master's of Science Health Care Administration Program	
master's	History	https://www.csueastbay.edu/history/degree-programs/ma-degree-programs_new.html	200	https://www.csueastbay.edu/history/degree-programs/ma-degree-programs_new.html			
master's	Hospitality, Recreation, & Tourism	https://www.csueastbay.edu/hrt/grad/index.html	200	https://www.csueastbay.edu/hrt/grad/index.html	M.S. in Hospitality, Recreation and Tourism	M.S. in Hospitality, Recreation and Tourism	
master's	Interaction Design	https://ixdia.org	200	https://ixdia.org/	IxDIA â Master of Arts in Interaction Design and Interactive Art	Interaction Design and Interactive Art	off the university domain
master's	Kinesiology	https://www.csueastbay.edu/kin/programs/ms-kinesiology.html	200	https://www.csueastbay.edu/kin/programs/ms-kinesiology.html	M.S. Kinesiology: Sport, exercise, and human movement	M.S. Kinesiology: Sport, exercise, and human movement	
master's	Marine Science	https://www.csueastbay.edu/biology/graduate-program/ms-in-marine-sciences.html	200	https://www.csueastbay.edu/biology/graduate-program/ms-in-marine-sciences.html	MS in Marine Sciences	MS in Marine Sciences	
master's	Marketing Analytics	https://www.csueastbay.edu/msma/index.html	200	https://www.csueastbay.edu/msma/index.html	Master of Science in Marketing Analytics- College of Business & Economics | CSUEB	Master of Science in Marketing Analytics	
master's	Mathematics	https://www.csueastbay.edu/math/degrees-and-programs/index.html	200	https://www.csueastbay.edu/math/degrees-and-programs/index.html	CSUEB Math Degrees and Programs	Degrees & Programs	url shared by 2 tiles
master's	Music	https://www.csueastbay.edu/music/prospective/ma.html	200	https://www.csueastbay.edu/music/prospective/ma.html	M.A. in Music	M.A. in Music	
master's	Nursing	https://www.csueastbay.edu/nursing/msn-programs/index.html	200	https://www.csueastbay.edu/nursing/msn-programs/index.html	MSN Program	MSN Program	
master's	Public Administration	https://www.csueastbay.edu/paa/public-admin/index.html	200	https://www.csueastbay.edu/paa/public-admin/index.html	Master's Degree in Public Administration	Master's Degree in Public Administration	
master's	Reading and Literacy	https://www.csueastbay.edu/ted/programs-admissions/masters/reading-cert1.html	200	https://www.csueastbay.edu/ted/programs-admissions/masters/reading-cert1.html	Reading and Literacy	Reading and Literacy	
master's	Social Work	https://www.csueastbay.edu/sw/apply-to-msw.html	200	https://www.csueastbay.edu/sw/apply-to-msw.html	Apply to the MSW Program	Apply to the MSW Program	
master's	Special Education	https://www.csueastbay.edu/cssc/prospective-cred-student/special-education.html	200	https://www.csueastbay.edu/cssc/prospective-cred-student/special-education.html	Education Specialist/Masters in Special Education - Online Program	Education Specialist/Masters in Special Education - Online Program	url shared by 2 tiles
master's	Speech-Language Pathology	https://www.csueastbay.edu/slhs/masters-in-speech-language-pathology/index.html	200	https://www.csueastbay.edu/slhs/masters-in-speech-language-pathology/index.html	Master's in Speech-Language Pathology	Master's in Speech-Language Pathology	url shared by 2 tiles
master's	Statistics	https://www.csueastbay.edu/statistics/degrees-programs/index.html	200	https://www.csueastbay.edu/statistics/degrees-programs/index.html	Programs in Statistics and Data Science	Programs in Statistics and Data Science	url shared by 3 tiles
doctoral	Ed.D. Educational Leadership	https://www.csueastbay.edu/edd/index.html	200	https://www.csueastbay.edu/edd/index.html	Doctorate in Educational Leadership for Social Justice	Doctorate in Educational Leadership for Social Justice	
credential	Administrative Services Credential Clear Induction	https://www.csueastbay.edu/el/programs/clear-admin-services-cred.html	200	https://www.csueastbay.edu/el/programs/clear-admin-services-cred.html	Administrative Services Clear Induction Program	Administrative Services Clear Induction Program	
credential	Education Specialist	https://www.csueastbay.edu/cssc/prospective-cred-student/special-education.html	200	https://www.csueastbay.edu/cssc/prospective-cred-student/special-education.html	Education Specialist/Masters in Special Education - Online Program	Education Specialist/Masters in Special Education - Online Program	url shared by 2 tiles
credential	Multi-subject Teaching	https://www.csueastbay.edu/cssc/prospective-cred-student/multiple-subject.html	200	https://www.csueastbay.edu/cssc/prospective-cred-student/multiple-subject.html	Multiple Subject Credential Program	Multiple Subject Credential Program	
credential	Preliminary Administrative Services (PASC)	https://www.csueastbay.edu/el/programs/prelim-admin-services.html	200	https://www.csueastbay.edu/el/programs/prelim-admin-services.html	Preliminary Administrative Services Credential (PASC) /Optional Masters in Educational Leadership	Preliminary Administrative Services Credential (PASC) /Optional Masters in Educational Leadership	
credential	PPS School Counseling	https://www.csueastbay.edu/epsy/graduate-programs/school-counseling.html	200	https://www.csueastbay.edu/epsy/graduate-programs/school-counseling.html	School Counseling	School Counseling	
credential	PPS School Psychology	https://www.csueastbay.edu/school-psychology/prospective-students.html	200	https://www.csueastbay.edu/school-psychology/prospective-students.html	Prospective Students & Application Process	Prospective Students & Application Process	
credential	Single-subject Teaching	https://www.csueastbay.edu/cssc/prospective-cred-student/single-subject.html	200	https://www.csueastbay.edu/cssc/prospective-cred-student/single-subject.html	Single Subject Credential Program	Single Subject Credential Program	
credential	Speech Language Pathology Services	https://www.csueastbay.edu/slhs/masters-in-speech-language-pathology/index.html	200	https://www.csueastbay.edu/slhs/masters-in-speech-language-pathology/index.html	Master's in Speech-Language Pathology	Master's in Speech-Language Pathology	url shared by 2 tiles
certificate	Applied Statistics	https://www.csueastbay.edu/statistics/degrees-programs/index.html	200	https://www.csueastbay.edu/statistics/degrees-programs/index.html	Programs in Statistics and Data Science	Programs in Statistics and Data Science	url shared by 3 tiles
certificate	Biotechnology	https://www.csueastbay.edu/biology/graduate-program/biotechnology-certificate-program-bcp/index.html	200	https://www.csueastbay.edu/biology/graduate-program/biotechnology-certificate-program-bcp/index.html	Prospective and Current BCP Students	Prospective and Current BCP Students	
certificate	Educational Technology	https://catalog.csueastbay.edu/preview_program.php?catoid=39&poid=18263&returnto=36991	202	https://catalog.csueastbay.edu/preview_program.php?catoid=39&poid=18263&returnto=36991			
certificate	Pre-Professional Health Academic Program (PHAP)	https://www.csueastbay.edu/phaprogram/	200	https://www.csueastbay.edu/phaprogram/	Post-Baccalaureate Health Professions Academic Program	Post-Baccalaureate Health Professions Academic Program	
certificate	Mathematics, Single Subject Matter	https://www.csueastbay.edu/math/degrees-and-programs/index.html	200	https://www.csueastbay.edu/math/degrees-and-programs/index.html	CSUEB Math Degrees and Programs	Degrees & Programs	url shared by 2 tiles
certificate	Music Single Subject Matter Preparation	https://www.csueastbay.edu/music/prospective/music-ed.html	200	https://www.csueastbay.edu/music/prospective/music-ed.html	Music Education	Music Education	
certificate	Theoretical Statistics	https://www.csueastbay.edu/statistics/degrees-programs/index.html	200	https://www.csueastbay.edu/statistics/degrees-programs/index.html	Programs in Statistics and Data Science	Programs in Statistics and Data Science	url shared by 3 tiles
